"Statistic","Fold-1","Fold-2","Fold-3","Fold-4","Fold-5","Mean"
"OOB error",0.353154860925743,0.406802218284516,0.326884292643236,0.341588068965317,0.349093063296505,0.355504500823064
"Kappa (training)",0.740112994350282,0.735576923076923,0.770212765957447,0.731182795698925,0.743478260869565,0.744112747990628
"Test error",0.426890243902439,0.610372549019608,0.714458333333333,0.477520547945205,0.458586206896552,0.537565576219427
"Kappa (testing)",0.573170731707317,0.372549019607843,0.291666666666667,0.520547945205479,0.517241379310345,0.45503514849953
