"Statistic","Fold-1","Fold-2","Fold-3","Fold-4","Fold-5","Mean"
"OOB error",0.427673777569105,0.351602718239775,0.403885469643318,0.452709917752325,0.443561960523974,0.4158867687457
"Kappa (training)",0.604878048780488,0.687116564417178,0.64018691588785,0.659090909090909,0.590909090909091,0.636436305817103
"Test error",0.453117647058824,0.563947368421053,0.35572,0.588444444444444,0.455853658536585,0.483416623692181
"Kappa (testing)",0.529411764705882,0.447368421052632,0.64,0.412698412698413,0.536585365853659,0.513212792862117
