"Statistic","Fold-1","Fold-2","Fold-3","Fold-4","Fold-5","Mean"
"OOB error",0.246347363694716,0.335804631285766,0.277602526419144,0.326342266131189,0.293081472462497,0.295835651998663
"Kappa (training)",0.825,0.704761904761905,0.814207650273224,0.712121212121212,0.75609756097561,0.76243766562639
"Test error",0.442518987341772,0.107137931034483,0.250196428571429,0.268317073170732,0.291058823529412,0.271845848729565
"Kappa (testing)",0.556962025316456,0.896551724137931,0.75,0.731707317073171,0.705882352941177,0.728220683893747
