"Statistic","Fold-1","Fold-2","Fold-3","Fold-4","Fold-5","Mean"
"OOB error",0.30566323864794,0.316395927609684,0.29902113256247,0.210408320031318,0.273509524275461,0.280999628625375
"Kappa (training)",0.765853658536585,0.748571428571429,0.745,0.83625730994152,0.772020725388601,0.773540624487627
"Test error",0.220387096774194,0.22944262295082,0.272583333333333,0.474538461538462,0.248558139534884,0.289101930826338
"Kappa (testing)",0.774193548387097,0.770491803278688,0.722222222222222,0.523076923076923,0.744186046511628,0.706834108695312
